date_operation,libelle,montant,solde_avt_ope,categ,type,tranche_depense,sens,annee,mois,jour,jour_sem,jour_sem_num,weekend,quart_mois
2023-03-31,DON XX XX XX XX XX XX XX,-1.44,1515.2499999999982,AUTRE,DON,petite,debit,2023,3,31,<built-in method day_name of Timestamp object at 0x7f68fe7d0f90>,5,False,4
2023-04-03,CARTE XX XX RAPT XX,-24.0,1513.8099999999981,TRANSPORT,CARTE,petite,debit,2023,4,3,<built-in method day_name of Timestamp object at 0x7f68fe7d0f20>,1,False,1
2023-04-03,CARTE XX XX RAPT XX,-73.0,1489.8099999999981,TRANSPORT,CARTE,petite,debit,2023,4,3,<built-in method day_name of Timestamp object at 0x7f68fe7d0eb0>,1,False,1
2023-04-03,CARTE XX XX XX XX,-14.39,1416.8099999999981,AUTRE,CARTE,petite,debit,2023,4,3,<built-in method day_name of Timestamp object at 0x7f68fe7d0e40>,1,False,1
2023-04-03,VIREMENT XX XX XX XX XX XX,4.8,1402.419999999998,AUTRE,VIREMENT,(pas une dépense),credit,2023,4,3,<built-in method day_name of Timestamp object at 0x7f68fe7d0dd0>,1,False,1
2023-04-03,VIREMENT XX XX XX XX XX XX XX XX XX XX XX XX,676.0,1407.219999999998,AUTRE,VIREMENT,(pas une dépense),credit,2023,4,3,<built-in method day_name of Timestamp object at 0x7f68fe7d0d60>,1,False,1
2023-04-05,PRELEVEMENT XX TELEPHONE XX XX,-7.02,2083.219999999998,FACTURE TELEPHONE,AUTRE,petite,debit,2023,4,5,<built-in method day_name of Timestamp object at 0x7f68fe7d0cf0>,3,False,1
2023-04-05,CARTE XX XX XX XX XX,-15.2,2076.199999999998,AUTRE,CARTE,petite,debit,2023,4,5,<built-in method day_name of Timestamp object at 0x7f68fe7d0c80>,3,False,1
2023-04-05,CARTE XX XX LES ANCIENS ROBINSON XX,-6.8,2060.999999999998,COURSES,CARTE,petite,debit,2023,4,5,<built-in method day_name of Timestamp object at 0x7f68fe7d0c10>,3,False,1
2023-04-05,CARTE XX XX XX XX,-12.0,2054.199999999998,AUTRE,CARTE,petite,debit,2023,4,5,<built-in method day_name of Timestamp object at 0x7f68fe7d0ba0>,3,False,1
2023-04-06,FORFAIT COMPTE SUPERBANK XX XX XX XX,-1.84,2042.199999999998,COTISATION BANCAIRE,AUTRE,petite,debit,2023,4,6,<built-in method day_name of Timestamp object at 0x7f68fe7d0b30>,4,False,1
2023-04-07,VIREMENT XX XX XX XX XX XX XX XX XX XX,992.8,2040.359999999998,AUTRE,VIREMENT,(pas une dépense),credit,2023,4,7,<built-in method day_name of Timestamp object at 0x7f68fe7d0ac0>,5,False,1
2023-04-10,CARTE XX XX VELOC XX XX,-2.7,3033.159999999998,TRANSPORT,CARTE,petite,debit,2023,4,10,<built-in method day_name of Timestamp object at 0x7f68fe7d0a50>,1,False,2
2023-04-10,CARTE XX XX LES ANCIENS ROBINSON XX,-42.42,3030.4599999999978,COURSES,CARTE,petite,debit,2023,4,10,<built-in method day_name of Timestamp object at 0x7f68fe7d09e0>,1,False,2
2023-04-10,CARTE XX XX XX XX XX XX XX XX XX XX,-1.6,2988.0399999999977,AUTRE,CARTE,petite,debit,2023,4,10,<built-in method day_name of Timestamp object at 0x7f68fe7d0970>,1,False,2
2023-04-10,CARTE XX XX XX XX XX,-20.64,2986.439999999998,AUTRE,CARTE,petite,debit,2023,4,10,<built-in method day_name of Timestamp object at 0x7f68fe7d0900>,1,False,2
2023-04-10,CARTE XX XX XX XX XX XX,-6.0,2965.799999999998,AUTRE,CARTE,petite,debit,2023,4,10,<built-in method day_name of Timestamp object at 0x7f68fe7d0890>,1,False,2
2023-04-10,CARTE XX XX CHEZ LUC XX,-12.42,2959.799999999998,RESTAURANT,CARTE,petite,debit,2023,4,10,<built-in method day_name of Timestamp object at 0x7f68fe7d0820>,1,False,2
2023-04-10,CARTE XX XX XX XX,-84.4,2947.379999999998,AUTRE,CARTE,moyenne,debit,2023,4,10,<built-in method day_name of Timestamp object at 0x7f68fe7d07b0>,1,False,2
2023-04-10,VIREMENT XX XX XX XX XX XX,1.6,2862.9799999999977,AUTRE,VIREMENT,(pas une dépense),credit,2023,4,10,<built-in method day_name of Timestamp object at 0x7f68fe7d0740>,1,False,2
2023-04-10,CARTE XX XX XX XX XX,-24.0,2864.5799999999977,AUTRE,CARTE,petite,debit,2023,4,10,<built-in method day_name of Timestamp object at 0x7f68fe7d06d0>,1,False,2
2023-04-11,VIREMENT XX XX XX XX XX XX XX,836.0,2840.5799999999977,AUTRE,VIREMENT,(pas une dépense),credit,2023,4,11,<built-in method day_name of Timestamp object at 0x7f68fe7d0660>,2,False,2
2023-04-11,CARTE XX XX XX XX XX,-7.56,3676.5799999999977,AUTRE,CARTE,petite,debit,2023,4,11,<built-in method day_name of Timestamp object at 0x7f68fe7d05f0>,2,False,2
2023-04-11,VIREMENT XX XX XX XX XX XX XX,869.44,3669.0199999999977,AUTRE,VIREMENT,(pas une dépense),credit,2023,4,11,<built-in method day_name of Timestamp object at 0x7f68fe7d0580>,2,False,2
2023-04-11,CARTE XX XX XX XX,-48.0,4538.459999999997,AUTRE,CARTE,petite,debit,2023,4,11,<built-in method day_name of Timestamp object at 0x7f68fe7d0510>,2,False,2
2023-04-12,CARTE XX XX XX XX XX,-28.96,4490.459999999997,AUTRE,CARTE,petite,debit,2023,4,12,<built-in method day_name of Timestamp object at 0x7f68fe7d0040>,3,False,2
2023-04-13,XX XX XX XX XX XX XX,-280.0,4461.499999999998,AUTRE,AUTRE,grosse,debit,2023,4,13,<built-in method day_name of Timestamp object at 0x7f68fe7b6a50>,4,False,2
2023-04-14,CARTE XX XX XX XX XX,-0.8,4181.499999999998,AUTRE,CARTE,petite,debit,2023,4,14,<built-in method day_name of Timestamp object at 0x7f68fe7b6ba0>,5,False,2
2023-04-14,CARTE XX XX CHEZ LUC XX,-8.8,4180.699999999997,RESTAURANT,CARTE,petite,debit,2023,4,14,<built-in method day_name of Timestamp object at 0x7f68fe7b6f90>,5,False,2
2023-04-14,CARTE XX XX XX XX XX,-1.6,4171.899999999998,AUTRE,CARTE,petite,debit,2023,4,14,<built-in method day_name of Timestamp object at 0x7f68fe7b6f20>,5,False,2
2023-04-15,VIREMENT PERMANENT LOYER,-345.0,4170.299999999997,LOYER,VIREMENT,grosse,debit,2023,4,15,<built-in method day_name of Timestamp object at 0x7f68fe7b6eb0>,6,False,2
2023-04-18,CARTE XX XX VELOC XX XX,-1.7,3825.2999999999975,TRANSPORT,CARTE,petite,debit,2023,4,18,<built-in method day_name of Timestamp object at 0x7f68fe7b6e40>,2,False,3
2023-04-18,RETRAIT XX XX XX,-24.0,3823.5999999999976,AUTRE,RETRAIT,petite,debit,2023,4,18,<built-in method day_name of Timestamp object at 0x7f68fe7b6dd0>,2,False,3
2023-04-18,CARTE XX XX XX XX XX,-8.72,3799.5999999999976,AUTRE,CARTE,petite,debit,2023,4,18,<built-in method day_name of Timestamp object at 0x7f68fe7b69e0>,2,False,3
2023-04-18,CARTE XX XX XX XX XX,-10.32,3790.879999999998,AUTRE,CARTE,petite,debit,2023,4,18,<built-in method day_name of Timestamp object at 0x7f68fe7b6cf0>,2,False,3
2023-04-18,VIREMENT XX XX XX XX XX XX,1.6,3780.5599999999977,AUTRE,VIREMENT,(pas une dépense),credit,2023,4,18,<built-in method day_name of Timestamp object at 0x7f68fe7b6d60>,2,False,3
2023-04-18,CARTE XX XX XX XX,-74.58,3782.1599999999976,AUTRE,CARTE,petite,debit,2023,4,18,<built-in method day_name of Timestamp object at 0x7f68fe7f2040>,2,False,3
2023-04-19,CARTE XX XX XX XX XX,-13.6,3707.5799999999977,AUTRE,CARTE,petite,debit,2023,4,19,<built-in method day_name of Timestamp object at 0x7f68fe7f20b0>,3,False,3
2023-04-20,CARTE XX XX XX XX,-7.2,3693.9799999999977,AUTRE,CARTE,petite,debit,2023,4,20,<built-in method day_name of Timestamp object at 0x7f68fe7f2120>,4,False,3
2023-04-21,CARTE XX XX L'EPICERIE DEMBAS XX XX,-10.43,3686.779999999998,AUTRE,CARTE,petite,debit,2023,4,21,<built-in method day_name of Timestamp object at 0x7f68fe7f2190>,5,False,3
2023-04-24,CARTE XX XX XX XX XX,-7.84,3676.349999999998,AUTRE,CARTE,petite,debit,2023,4,24,<built-in method day_name of Timestamp object at 0x7f68fe7f2200>,1,False,3
2023-04-24,CARTE XX XX XX XX,-11.64,3668.509999999998,AUTRE,CARTE,petite,debit,2023,4,24,<built-in method day_name of Timestamp object at 0x7f68fe7f2270>,1,False,3
2023-04-24,CARTE XX XX CHEZ LUC XX,-9.2,3656.869999999998,RESTAURANT,CARTE,petite,debit,2023,4,24,<built-in method day_name of Timestamp object at 0x7f68fe7f22e0>,1,False,3
2023-04-25,CARTE XX XX LES ANCIENS ROBINSON XX,-32.67,3647.6699999999983,COURSES,CARTE,petite,debit,2023,4,25,<built-in method day_name of Timestamp object at 0x7f68fe7f2350>,2,False,4
2023-04-26,CARTE XX XX XX XX XX XX,-10.0,3614.999999999998,AUTRE,CARTE,petite,debit,2023,4,26,<built-in method day_name of Timestamp object at 0x7f68fe7f23c0>,3,False,4
2023-04-26,CARTE XX XX LA LOUVE XX XX,-1.9,3604.999999999998,COURSES,CARTE,petite,debit,2023,4,26,<built-in method day_name of Timestamp object at 0x7f68fe7f2430>,3,False,4
2023-04-28,DON XX XX XX XX XX XX XX,-1.4,3603.099999999998,AUTRE,DON,petite,debit,2023,4,28,<built-in method day_name of Timestamp object at 0x7f68fe7f24a0>,5,False,4
2023-04-28,CARTE XX XX LES ANCIENS ROBINSON XX,-9.11,3601.699999999998,COURSES,CARTE,petite,debit,2023,4,28,<built-in method day_name of Timestamp object at 0x7f68fe7f2510>,5,False,4
2023-04-30,XX XX VIREMENT XX XX XX,-36.0,3592.589999999998,AUTRE,VIREMENT,petite,debit,2023,4,30,<built-in method day_name of Timestamp object at 0x7f68fe7f2580>,7,False,4
2023-05-02,RETRAIT XX XX XX,-32.0,3556.589999999998,AUTRE,RETRAIT,petite,debit,2023,5,2,<built-in method day_name of Timestamp object at 0x7f68fe7f25f0>,2,False,1
2023-05-02,CARTE XX XX XX XX XX XX,-10.4,3524.589999999998,AUTRE,CARTE,petite,debit,2023,5,2,<built-in method day_name of Timestamp object at 0x7f68fe7f2660>,2,False,1
2023-05-02,CARTE XX XX XX XX XX XX,-8.48,3514.189999999998,AUTRE,CARTE,petite,debit,2023,5,2,<built-in method day_name of Timestamp object at 0x7f68fe7f26d0>,2,False,1
2023-05-02,VIREMENT XX XX XX XX XX XX XX,47.2,3505.7099999999978,AUTRE,VIREMENT,(pas une dépense),credit,2023,5,2,<built-in method day_name of Timestamp object at 0x7f68fe7f2740>,2,False,1
2023-05-02,CARTE XX XX TOUPTIPRI XX,-12.24,3552.9099999999976,COURSES,CARTE,petite,debit,2023,5,2,<built-in method day_name of Timestamp object at 0x7f68fe7f27b0>,2,False,1
2023-05-02,CARTE XX XX XX XX XX,-16.7,3540.669999999998,AUTRE,CARTE,petite,debit,2023,5,2,<built-in method day_name of Timestamp object at 0x7f68fe7f2820>,2,False,1
2023-05-03,CARTE XX XX XX XX,-14.39,3523.9699999999975,AUTRE,CARTE,petite,debit,2023,5,3,<built-in method day_name of Timestamp object at 0x7f68fe7f2890>,3,False,1
2023-05-03,CARTE XX XX RAPT XX,-73.0,3509.5799999999977,TRANSPORT,CARTE,petite,debit,2023,5,3,<built-in method day_name of Timestamp object at 0x7f68fe7f2900>,3,False,1
2023-05-04,VIREMENT XX XX XX XX XX XX XX XX XX XX XX XX,676.0,3436.5799999999977,AUTRE,VIREMENT,(pas une dépense),credit,2023,5,4,<built-in method day_name of Timestamp object at 0x7f68fe7f2970>,4,False,1
2023-05-04,CARTE XX XX LES ANCIENS ROBINSON XX,-17.16,4112.579999999998,COURSES,CARTE,petite,debit,2023,5,4,<built-in method day_name of Timestamp object at 0x7f68fe7f29e0>,4,False,1
2023-05-05,CARTE XX XX TOUPTIPRI XX,-3.48,4095.419999999998,COURSES,CARTE,petite,debit,2023,5,5,<built-in method day_name of Timestamp object at 0x7f68fe7f2a50>,5,False,1
2023-05-06,FORFAIT COMPTE SUPERBANK XX XX XX XX,-1.84,4091.939999999998,COTISATION BANCAIRE,AUTRE,petite,debit,2023,5,6,<built-in method day_name of Timestamp object at 0x7f68fe7f2ac0>,6,False,1
2023-05-09,CARTE XX XX XX XX,-1.44,4090.0999999999976,AUTRE,CARTE,petite,debit,2023,5,9,<built-in method day_name of Timestamp object at 0x7f68fe7f2b30>,2,False,2
2023-05-09,CARTE XX XX XX XX,-1.12,4088.6599999999976,AUTRE,CARTE,petite,debit,2023,5,9,<built-in method day_name of Timestamp object at 0x7f68fe7f2ba0>,2,False,2
2023-05-09,CARTE XX XX XX XX,-1.6,4087.5399999999977,AUTRE,CARTE,petite,debit,2023,5,9,<built-in method day_name of Timestamp object at 0x7f68fe7f2c10>,2,False,2
2023-05-09,PRELEVEMENT XX TELEPHONE XX XX,-7.02,4085.939999999998,FACTURE TELEPHONE,AUTRE,petite,debit,2023,5,9,<built-in method day_name of Timestamp object at 0x7f68fe7f2c80>,2,False,2
2023-05-09,CARTE XX XX XX XX XX,-32.0,4078.919999999998,AUTRE,CARTE,petite,debit,2023,5,9,<built-in method day_name of Timestamp object at 0x7f68fe7f2cf0>,2,False,2
2023-05-10,CARTE XX XX LES ANCIENS ROBINSON XX,-42.45,4046.919999999998,COURSES,CARTE,petite,debit,2023,5,10,<built-in method day_name of Timestamp object at 0x7f68fe7f2d60>,3,False,2
2023-05-10,CARTE XX XX CHEZ LUC XX,-9.6,4004.469999999998,RESTAURANT,CARTE,petite,debit,2023,5,10,<built-in method day_name of Timestamp object at 0x7f68fe7f2dd0>,3,False,2
2023-05-11,CARTE XX XX XX XX XX,-1.6,3994.869999999998,AUTRE,CARTE,petite,debit,2023,5,11,<built-in method day_name of Timestamp object at 0x7f68fe7f2e40>,4,False,2
2023-05-12,CARTE XX XX XX XX,-5.6,3993.269999999998,AUTRE,CARTE,petite,debit,2023,5,12,<built-in method day_name of Timestamp object at 0x7f68fe7f2eb0>,5,False,2
2023-05-15,VIREMENT PERMANENT LOYER,-345.0,3987.6699999999983,LOYER,VIREMENT,grosse,debit,2023,5,15,<built-in method day_name of Timestamp object at 0x7f68fe7f2f20>,1,False,2
2023-05-15,CARTE XX XX LES ANCIENS ROBINSON XX,-33.55,3642.6699999999983,COURSES,CARTE,petite,debit,2023,5,15,<built-in method day_name of Timestamp object at 0x7f68fe7f2f90>,1,False,2
2023-05-15,CARTE XX XX XX XX XX XX,-8.0,3609.119999999998,AUTRE,CARTE,petite,debit,2023,5,15,<built-in method day_name of Timestamp object at 0x7f68fe7f1f90>,1,False,2
2023-05-15,CARTE XX XX TOUPTIPRI XX,-12.96,3601.119999999998,COURSES,CARTE,petite,debit,2023,5,15,<built-in method day_name of Timestamp object at 0x7f68fe7f1f20>,1,False,2
2023-05-15,CARTE XX XX CHEZ LUC XX,-11.0,3588.159999999998,RESTAURANT,CARTE,petite,debit,2023,5,15,<built-in method day_name of Timestamp object at 0x7f68fe7f1eb0>,1,False,2
2023-05-18,CARTE XX XX XX XX XX,-1.6,3577.159999999998,AUTRE,CARTE,petite,debit,2023,5,18,<built-in method day_name of Timestamp object at 0x7f68fe7f1e40>,4,False,3
2023-05-19,CARTE XX XX XX XX,-12.0,3575.559999999998,AUTRE,CARTE,petite,debit,2023,5,19,<built-in method day_name of Timestamp object at 0x7f68fe7f1dd0>,5,False,3
2023-05-22,CARTE XX XX CHEZ LUC XX,-11.4,3563.559999999998,RESTAURANT,CARTE,petite,debit,2023,5,22,<built-in method day_name of Timestamp object at 0x7f68fe7f1d60>,1,False,3
2023-05-22,RETRAIT XX XX XX,-32.0,3552.159999999998,AUTRE,RETRAIT,petite,debit,2023,5,22,<built-in method day_name of Timestamp object at 0x7f68fe7f1cf0>,1,False,3
2023-05-22,CARTE XX XX XX XX XX XX,-9.72,3520.159999999998,AUTRE,CARTE,petite,debit,2023,5,22,<built-in method day_name of Timestamp object at 0x7f68fe7f1c80>,1,False,3
2023-05-22,VIREMENT XX XX XX XX XX XX XX,936.32,3510.439999999998,AUTRE,VIREMENT,(pas une dépense),credit,2023,5,22,<built-in method day_name of Timestamp object at 0x7f68fe7f1c10>,1,False,3
2023-05-22,CARTE XX XX XX XX XX XX,-2.4,4446.759999999998,AUTRE,CARTE,petite,debit,2023,5,22,<built-in method day_name of Timestamp object at 0x7f68fe7f1ba0>,1,False,3
2023-05-22,CARTE XX XX LA CCNCF XX XX,-138.24,4444.359999999998,TRANSPORT,CARTE,moyenne,debit,2023,5,22,<built-in method day_name of Timestamp object at 0x7f68fe7f1b30>,1,False,3
2023-05-23,CARTE XX XX XX XX,-3.2,4306.119999999998,AUTRE,CARTE,petite,debit,2023,5,23,<built-in method day_name of Timestamp object at 0x7f68fe7f1ac0>,2,False,3
2023-05-23,CARTE XX XX LES ANCIENS ROBINSON XX,-4.41,4302.919999999998,COURSES,CARTE,petite,debit,2023,5,23,<built-in method day_name of Timestamp object at 0x7f68fe7f1a50>,2,False,3
2023-05-24,CARTE XX XX L'EPICERIE DEMBAS XX XX,-15.81,4298.509999999998,AUTRE,CARTE,petite,debit,2023,5,24,<built-in method day_name of Timestamp object at 0x7f68fe7f19e0>,3,False,3
2023-05-24,CARTE XX XX XX XX XX,-7.84,4282.699999999999,AUTRE,CARTE,petite,debit,2023,5,24,<built-in method day_name of Timestamp object at 0x7f68fe7f1970>,3,False,3
2023-05-29,CARTE XX XX LES ANCIENS ROBINSON XX,-22.59,4274.859999999999,COURSES,CARTE,petite,debit,2023,5,29,<built-in method day_name of Timestamp object at 0x7f68fe7f1900>,1,False,4
2023-05-29,CARTE XX XX XX XX XX,-14.16,4252.269999999999,AUTRE,CARTE,petite,debit,2023,5,29,<built-in method day_name of Timestamp object at 0x7f68fe7f1890>,1,False,4
2023-05-29,RETRAIT XX XX XX,-48.0,4238.109999999999,AUTRE,RETRAIT,petite,debit,2023,5,29,<built-in method day_name of Timestamp object at 0x7f68fe7f1820>,1,False,4
2023-05-31,XX XX VIREMENT XX XX XX,-36.0,4190.109999999999,AUTRE,VIREMENT,petite,debit,2023,5,31,<built-in method day_name of Timestamp object at 0x7f68fe7f17b0>,3,False,4
2023-05-31,DON XX XX XX XX XX XX XX,-1.44,4154.109999999999,AUTRE,DON,petite,debit,2023,5,31,<built-in method day_name of Timestamp object at 0x7f68fe7f1740>,3,False,4
2023-05-31,CARTE XX XX LES ANCIENS ROBINSON XX,-6.89,4152.669999999998,COURSES,CARTE,petite,debit,2023,5,31,<built-in method day_name of Timestamp object at 0x7f68fe7f16d0>,3,False,4
2023-05-31,CARTE XX XX CHEZ LUC XX,-7.74,4145.779999999999,RESTAURANT,CARTE,petite,debit,2023,5,31,<built-in method day_name of Timestamp object at 0x7f68fe7f1660>,3,False,4
2023-06-02,CARTE XX XX RAPT XX,-73.0,4138.039999999999,TRANSPORT,CARTE,petite,debit,2023,6,2,<built-in method day_name of Timestamp object at 0x7f68fe7f15f0>,5,False,1
2023-06-06,CARTE XX XX XX XX,-5.1,4065.0399999999986,AUTRE,CARTE,petite,debit,2023,6,6,<built-in method day_name of Timestamp object at 0x7f68fe7f1580>,2,False,1
2023-06-06,CARTE XX XX XX XX,-14.39,4059.9399999999987,AUTRE,CARTE,petite,debit,2023,6,6,<built-in method day_name of Timestamp object at 0x7f68fe7f1510>,2,False,1
2023-06-06,FORFAIT COMPTE SUPERBANK XX XX XX XX,-1.84,4045.549999999999,COTISATION BANCAIRE,AUTRE,petite,debit,2023,6,6,<built-in method day_name of Timestamp object at 0x7f68fe7f14a0>,2,False,1
2023-06-06,VIREMENT XX XX XX XX XX XX XX XX XX XX XX XX,676.0,4043.7099999999987,AUTRE,VIREMENT,(pas une dépense),credit,2023,6,6,<built-in method day_name of Timestamp object at 0x7f68fe7f1430>,2,False,1
2023-06-06,CARTE XX XX XX XX XX,-20.4,4719.709999999999,AUTRE,CARTE,petite,debit,2023,6,6,<built-in method day_name of Timestamp object at 0x7f68fe7f13c0>,2,False,1
2023-06-06,CARTE XX XX XX XX XX XX,-10.4,4699.309999999999,AUTRE,CARTE,petite,debit,2023,6,6,<built-in method day_name of Timestamp object at 0x7f68fe7f1350>,2,False,1
2023-06-07,PRELEVEMENT XX TELEPHONE XX XX,-6.38,4688.909999999998,FACTURE TELEPHONE,AUTRE,petite,debit,2023,6,7,<built-in method day_name of Timestamp object at 0x7f68fe7f12e0>,3,False,1
2023-06-12,CARTE XX XX LES ANCIENS ROBINSON XX,-4.63,4682.529999999999,COURSES,CARTE,petite,debit,2023,6,12,<built-in method day_name of Timestamp object at 0x7f68fe7f1270>,1,False,2
2023-06-12,CARTE XX XX TOUPTIPRI XX,-5.88,4677.899999999998,COURSES,CARTE,petite,debit,2023,6,12,<built-in method day_name of Timestamp object at 0x7f68fe7f1200>,1,False,2
2023-06-12,CARTE XX XX TOUPTIPRI XX,-2.51,4672.019999999999,COURSES,CARTE,petite,debit,2023,6,12,<built-in method day_name of Timestamp object at 0x7f68fe7f1190>,1,False,2
2023-06-12,CARTE XX XX LES ANCIENS ROBINSON XX,-26.58,4669.509999999998,COURSES,CARTE,petite,debit,2023,6,12,<built-in method day_name of Timestamp object at 0x7f68fe7f1120>,1,False,2
2023-06-12,CARTE XX XX CHEZ LUC XX,-9.2,4642.9299999999985,RESTAURANT,CARTE,petite,debit,2023,6,12,<built-in method day_name of Timestamp object at 0x7f68fe7f10b0>,1,False,2
2023-06-12,CARTE XX XX XX XX XX XX,-2.32,4633.729999999998,AUTRE,CARTE,petite,debit,2023,6,12,<built-in method day_name of Timestamp object at 0x7f68fe7f1040>,1,False,2
2023-06-13,CARTE XX XX XX XX XX XX,-7.99,4631.409999999998,AUTRE,CARTE,petite,debit,2023,6,13,<built-in method day_name of Timestamp object at 0x7f68fe7f0f90>,2,False,2
2023-06-15,VIREMENT PERMANENT LOYER,-345.0,4623.419999999998,LOYER,VIREMENT,grosse,debit,2023,6,15,<built-in method day_name of Timestamp object at 0x7f68fe7f0f20>,4,False,2
2023-06-15,CARTE XX XX XX XX XX XX XX,-15.99,4278.419999999998,AUTRE,CARTE,petite,debit,2023,6,15,<built-in method day_name of Timestamp object at 0x7f68fe7f0eb0>,4,False,2
2023-06-15,CARTE XX XX XX XX XX,-19.2,4262.4299999999985,AUTRE,CARTE,petite,debit,2023,6,15,<built-in method day_name of Timestamp object at 0x7f68fe7f0e40>,4,False,2
2023-06-16,CARTE XX XX LES ANCIENS ROBINSON XX,-4.39,4243.229999999999,COURSES,CARTE,petite,debit,2023,6,16,<built-in method day_name of Timestamp object at 0x7f68fe7f0dd0>,5,False,2
2023-06-16,CARTE XX XX XX XX XX,-8.0,4238.839999999998,AUTRE,CARTE,petite,debit,2023,6,16,<built-in method day_name of Timestamp object at 0x7f68fe7f0d60>,5,False,2
2023-06-19,CARTE XX XX XX XX XX XX,-2.4,4230.839999999998,AUTRE,CARTE,petite,debit,2023,6,19,<built-in method day_name of Timestamp object at 0x7f68fe7f0cf0>,1,False,3
2023-06-19,CARTE XX XX XX XX XX,-10.2,4228.439999999999,AUTRE,CARTE,petite,debit,2023,6,19,<built-in method day_name of Timestamp object at 0x7f68fe7f0c80>,1,False,3
2023-06-19,CARTE XX XX LA LOUVE XX XX,-18.45,4218.239999999999,COURSES,CARTE,petite,debit,2023,6,19,<built-in method day_name of Timestamp object at 0x7f68fe7f0c10>,1,False,3
2023-06-19,CARTE XX XX LES ANCIENS ROBINSON XX,-9.31,4199.789999999999,COURSES,CARTE,petite,debit,2023,6,19,<built-in method day_name of Timestamp object at 0x7f68fe7f0ba0>,1,False,3
2023-06-19,CARTE XX XX XX XX,-18.24,4190.48,AUTRE,CARTE,petite,debit,2023,6,19,<built-in method day_name of Timestamp object at 0x7f68fe7f0b30>,1,False,3
2023-06-20,CARTE XX XX L'EPICERIE DEMBAS XX XX,-10.05,4172.24,AUTRE,CARTE,petite,debit,2023,6,20,<built-in method day_name of Timestamp object at 0x7f68fe7f0ac0>,2,False,3
2023-06-20,CARTE XX XX VELOC XX XX,-29.0,4162.189999999999,TRANSPORT,CARTE,petite,debit,2023,6,20,<built-in method day_name of Timestamp object at 0x7f68fe7f0a50>,2,False,3
2023-06-21,CARTE XX XX XX XX,-2.72,4133.189999999999,AUTRE,CARTE,petite,debit,2023,6,21,<built-in method day_name of Timestamp object at 0x7f68fe7f09e0>,3,False,3
2023-06-22,CARTE XX XX XX XX XX,-7.12,4130.469999999999,AUTRE,CARTE,petite,debit,2023,6,22,<built-in method day_name of Timestamp object at 0x7f68fe7f0970>,4,False,3
2023-06-22,CARTE XX XX XX XX XX,-8.8,4123.349999999999,AUTRE,CARTE,petite,debit,2023,6,22,<built-in method day_name of Timestamp object at 0x7f68fe7f0900>,4,False,3
2023-06-23,CARTE XX XX XX XX XX,-19.84,4114.549999999999,AUTRE,CARTE,petite,debit,2023,6,23,<built-in method day_name of Timestamp object at 0x7f68fe7f0890>,5,False,3
2023-06-23,CARTE XX XX XX XX XX,-10.4,4094.709999999999,AUTRE,CARTE,petite,debit,2023,6,23,<built-in method day_name of Timestamp object at 0x7f68fe7f0820>,5,False,3
2023-06-23,CARTE XX XX XX XX XX XX,-19.36,4084.309999999999,AUTRE,CARTE,petite,debit,2023,6,23,<built-in method day_name of Timestamp object at 0x7f68fe7f07b0>,5,False,3
2023-06-26,CARTE XX XX XX XX,-183.99,4064.949999999999,AUTRE,CARTE,moyenne,debit,2023,6,26,<built-in method day_name of Timestamp object at 0x7f68fe7f0740>,1,False,4
2023-06-26,CARTE XX XX XX XX XX XX,-24.48,3880.959999999999,AUTRE,CARTE,petite,debit,2023,6,26,<built-in method day_name of Timestamp object at 0x7f68fe7f06d0>,1,False,4
2023-06-26,CARTE XX XX XX XX,-96.0,3856.479999999999,AUTRE,CARTE,moyenne,debit,2023,6,26,<built-in method day_name of Timestamp object at 0x7f68fe7f0660>,1,False,4
2023-06-26,CARTE XX XX XX XX XX,-29.52,3760.479999999999,AUTRE,CARTE,petite,debit,2023,6,26,<built-in method day_name of Timestamp object at 0x7f68fe7f05f0>,1,False,4
2023-06-26,CARTE XX XX XX XX XX,-17.2,3730.959999999999,AUTRE,CARTE,petite,debit,2023,6,26,<built-in method day_name of Timestamp object at 0x7f68fe7f0580>,1,False,4
2023-06-26,CARTE XX XX LA LOUVE XX XX,-27.68,3713.7599999999993,COURSES,CARTE,petite,debit,2023,6,26,<built-in method day_name of Timestamp object at 0x7f68fe7f0510>,1,False,4
2023-06-26,CARTE XX XX TOUPTIPRI XX,-6.6,3686.0799999999995,COURSES,CARTE,petite,debit,2023,6,26,<built-in method day_name of Timestamp object at 0x7f68fe7f04a0>,1,False,4
2023-06-26,CARTE XX XX XX XX XX XX,-8.0,3679.4799999999996,AUTRE,CARTE,petite,debit,2023,6,26,<built-in method day_name of Timestamp object at 0x7f68fe7f0430>,1,False,4
2023-06-27,RETRAIT XX XX XX,-40.0,3671.4799999999996,AUTRE,RETRAIT,petite,debit,2023,6,27,<built-in method day_name of Timestamp object at 0x7f68fe7f03c0>,2,False,4
2023-06-27,CARTE XX XX L'EPICERIE DEMBAS XX XX,-10.95,3631.4799999999996,AUTRE,CARTE,petite,debit,2023,6,27,<built-in method day_name of Timestamp object at 0x7f68fe7f0350>,2,False,4
2023-06-27,CARTE XX XX L'EPICERIE DEMBAS XX XX,-11.44,3620.5299999999997,AUTRE,CARTE,petite,debit,2023,6,27,<built-in method day_name of Timestamp object at 0x7f68fe7f02e0>,2,False,4
2023-06-28,CARTE XX XX XX XX XX,-7.12,3609.0899999999997,AUTRE,CARTE,petite,debit,2023,6,28,<built-in method day_name of Timestamp object at 0x7f68fe7f0270>,3,False,4
2023-06-28,CARTE XX XX LES ANCIENS ROBINSON XX,-12.49,3601.97,COURSES,CARTE,petite,debit,2023,6,28,<built-in method day_name of Timestamp object at 0x7f68fe7f0200>,3,False,4
2023-06-30,XX XX VIREMENT XX XX XX,-36.0,3589.48,AUTRE,VIREMENT,petite,debit,2023,6,30,<built-in method day_name of Timestamp object at 0x7f68fe7f0190>,5,False,4
2023-06-30,DON XX XX XX XX XX XX XX,-1.76,3553.48,AUTRE,DON,petite,debit,2023,6,30,<built-in method day_name of Timestamp object at 0x7f68fe7f0120>,5,False,4
2023-06-30,CARTE XX XX LA CCNCF XX XX,-23.85,3551.72,TRANSPORT,CARTE,petite,debit,2023,6,30,<built-in method day_name of Timestamp object at 0x7f68fe7f00b0>,5,False,4
2023-07-03,CARTE XX XX XX XX XX,-19.93,3527.87,AUTRE,CARTE,petite,debit,2023,7,3,<built-in method day_name of Timestamp object at 0x7f68fe7f0040>,1,False,1
2023-07-03,XX XX CARTE XX XX XX,-13.06,3507.94,AUTRE,CARTE,petite,debit,2023,7,3,<built-in method day_name of Timestamp object at 0x7f68fe7eff90>,1,False,1
2023-07-03,CARTE XX XX XX XX,-14.39,3494.88,AUTRE,CARTE,petite,debit,2023,7,3,<built-in method day_name of Timestamp object at 0x7f68fe7eff20>,1,False,1
2023-07-03,CARTE XX XX XX XX,-1.12,3480.49,AUTRE,CARTE,petite,debit,2023,7,3,<built-in method day_name of Timestamp object at 0x7f68fe7efeb0>,1,False,1
2023-07-03,CARTE XX XX XX XX XX,-48.0,3479.37,AUTRE,CARTE,petite,debit,2023,7,3,<built-in method day_name of Timestamp object at 0x7f68fe7efe40>,1,False,1
2023-07-03,CARTE XX XX RAPT XX,-73.0,3431.37,TRANSPORT,CARTE,petite,debit,2023,7,3,<built-in method day_name of Timestamp object at 0x7f68fe7efdd0>,1,False,1
2023-07-03,RETRAIT XX XX XX,-40.0,3358.37,AUTRE,RETRAIT,petite,debit,2023,7,3,<built-in method day_name of Timestamp object at 0x7f68fe7efd60>,1,False,1
2023-07-03,CARTE XX XX RAPT XX,-73.0,3318.37,TRANSPORT,CARTE,petite,debit,2023,7,3,<built-in method day_name of Timestamp object at 0x7f68fe7efcf0>,1,False,1
2023-07-03,CARTE XX XX XX XX XX XX XX XX,-602.27,3245.37,AUTRE,CARTE,grosse,debit,2023,7,3,<built-in method day_name of Timestamp object at 0x7f68fe7efc80>,1,False,1
2023-07-03,CARTE XX XX XX XX,-8.8,2643.1,AUTRE,CARTE,petite,debit,2023,7,3,<built-in method day_name of Timestamp object at 0x7f68fe7efc10>,1,False,1
2023-07-05,VIREMENT XX XX XX XX XX XX XX XX XX XX XX XX,676.0,2634.3,AUTRE,VIREMENT,(pas une dépense),credit,2023,7,5,<built-in method day_name of Timestamp object at 0x7f68fe7efba0>,3,False,1
2023-07-06,FORFAIT COMPTE SUPERBANK XX XX XX XX,-1.92,3310.3,COTISATION BANCAIRE,AUTRE,petite,debit,2023,7,6,<built-in method day_name of Timestamp object at 0x7f68fe7efb30>,4,False,1
2023-07-06,CARTE XX XX XX XX XX,-14.62,3308.38,AUTRE,CARTE,petite,debit,2023,7,6,<built-in method day_name of Timestamp object at 0x7f68fe7efac0>,4,False,1
2023-07-06,PRELEVEMENT XX TELEPHONE XX XX,-36.48,3293.76,FACTURE TELEPHONE,AUTRE,petite,debit,2023,7,6,<built-in method day_name of Timestamp object at 0x7f68fe7efa50>,4,False,1
2023-07-07,CARTE XX XX XX XX XX,-29.2,3257.28,AUTRE,CARTE,petite,debit,2023,7,7,<built-in method day_name of Timestamp object at 0x7f68fe7ef9e0>,5,False,1
2023-07-10,CARTE XX XX XX XX LA CCNCF XX,-1.08,3228.08,TRANSPORT,CARTE,petite,debit,2023,7,10,<built-in method day_name of Timestamp object at 0x7f68fe7ef970>,1,False,2
2023-07-10,CARTE XX XX XX XX XX,-9.52,3227.0,AUTRE,CARTE,petite,debit,2023,7,10,<built-in method day_name of Timestamp object at 0x7f68fe7ef900>,1,False,2
2023-07-10,CARTE XX XX XX XX LA CCNCF XX,-1.53,3217.48,TRANSPORT,CARTE,petite,debit,2023,7,10,<built-in method day_name of Timestamp object at 0x7f68fe7ef890>,1,False,2
2023-07-10,CARTE XX XX LA CCNCF XX,-53.1,3215.9500000000003,TRANSPORT,CARTE,petite,debit,2023,7,10,<built-in method day_name of Timestamp object at 0x7f68fe7ef820>,1,False,2
2023-07-11,CARTE XX XX CHEZ LUC XX,-14.4,3162.8500000000004,RESTAURANT,CARTE,petite,debit,2023,7,11,<built-in method day_name of Timestamp object at 0x7f68fe7ef7b0>,2,False,2
2023-07-12,CARTE XX XX XX XX,-8.0,3148.4500000000003,AUTRE,CARTE,petite,debit,2023,7,12,<built-in method day_name of Timestamp object at 0x7f68fe7ef740>,3,False,2
2023-07-13,CARTE XX XX TOUPTIPRI XX,-9.88,3140.4500000000003,COURSES,CARTE,petite,debit,2023,7,13,<built-in method day_name of Timestamp object at 0x7f68fe7ef6d0>,4,False,2
2023-07-15,VIREMENT PERMANENT LOYER,-345.0,3130.57,LOYER,VIREMENT,grosse,debit,2023,7,15,<built-in method day_name of Timestamp object at 0x7f68fe7ef660>,6,False,2
2023-07-19,CARTE XX XX XX XX XX,-4.88,2785.57,AUTRE,CARTE,petite,debit,2023,7,19,<built-in method day_name of Timestamp object at 0x7f68fe7ef5f0>,3,False,3
2023-07-19,CARTE XX XX XX XX,-12.48,2780.69,AUTRE,CARTE,petite,debit,2023,7,19,<built-in method day_name of Timestamp object at 0x7f68fe7ef580>,3,False,3
2023-07-19,CARTE XX XX XX XX,-104.0,2768.21,AUTRE,CARTE,moyenne,debit,2023,7,19,<built-in method day_name of Timestamp object at 0x7f68fe7ef510>,3,False,3
2023-07-20,CARTE XX XX LA CCNCF XX XX,-190.8,2664.21,TRANSPORT,CARTE,moyenne,debit,2023,7,20,<built-in method day_name of Timestamp object at 0x7f68fe7ef4a0>,4,False,3
2023-07-21,CARTE XX XX XX XX XX,-4.8,2473.41,AUTRE,CARTE,petite,debit,2023,7,21,<built-in method day_name of Timestamp object at 0x7f68fe7ef430>,5,False,3
2023-07-21,CARTE XX XX L'EPICERIE DEMBAS XX XX,-6.49,2468.61,AUTRE,CARTE,petite,debit,2023,7,21,<built-in method day_name of Timestamp object at 0x7f68fe7ef3c0>,5,False,3
2023-07-21,CARTE XX XX XX XX,-13.6,2462.12,AUTRE,CARTE,petite,debit,2023,7,21,<built-in method day_name of Timestamp object at 0x7f68fe7ef350>,5,False,3
2023-07-24,CARTE XX XX XX XX XX,-20.8,2448.52,AUTRE,CARTE,petite,debit,2023,7,24,<built-in method day_name of Timestamp object at 0x7f68fe7ef2e0>,1,False,3
2023-07-24,CARTE XX XX CHEZ LUC XX,-9.2,2427.7200000000003,RESTAURANT,CARTE,petite,debit,2023,7,24,<built-in method day_name of Timestamp object at 0x7f68fe7ef270>,1,False,3
2023-07-24,CARTE XX XX XX XX XX,-4.88,2418.52,AUTRE,CARTE,petite,debit,2023,7,24,<built-in method day_name of Timestamp object at 0x7f68fe7ef200>,1,False,3
2023-07-24,CARTE XX XX XX XX XX,-9.6,2413.64,AUTRE,CARTE,petite,debit,2023,7,24,<built-in method day_name of Timestamp object at 0x7f68fe7ef190>,1,False,3
2023-07-24,RETRAIT XX XX XX,-32.0,2404.04,AUTRE,RETRAIT,petite,debit,2023,7,24,<built-in method day_name of Timestamp object at 0x7f68fe7ef120>,1,False,3
2023-07-24,CARTE XX XX XX XX XX XX,-4.8,2372.04,AUTRE,CARTE,petite,debit,2023,7,24,<built-in method day_name of Timestamp object at 0x7f68fe7ef0b0>,1,False,3
2023-07-25,VIREMENT XX XX XX XX XX XX XX,1071.6,2367.24,AUTRE,VIREMENT,(pas une dépense),credit,2023,7,25,<built-in method day_name of Timestamp object at 0x7f68fe7ef040>,2,False,4
2023-07-25,CARTE XX XX LES ANCIENS ROBINSON XX,-60.16,3438.84,COURSES,CARTE,petite,debit,2023,7,25,<built-in method day_name of Timestamp object at 0x7f68fe7eef90>,2,False,4
2023-07-26,CARTE XX XX L'EPICERIE DEMBAS XX XX,-7.54,3378.68,AUTRE,CARTE,petite,debit,2023,7,26,<built-in method day_name of Timestamp object at 0x7f68fe7eef20>,3,False,4
2023-07-27,CARTE XX XX L'EPICERIE DEMBAS XX XX,-8.14,3371.14,AUTRE,CARTE,petite,debit,2023,7,27,<built-in method day_name of Timestamp object at 0x7f68fe7eeeb0>,4,False,4
2023-07-28,CARTE XX XX L'EPICERIE DEMBAS XX XX,-11.2,3363.0,AUTRE,CARTE,petite,debit,2023,7,28,<built-in method day_name of Timestamp object at 0x7f68fe7eee40>,5,False,4
2023-07-31,CARTE XX XX LES ANCIENS ROBINSON XX,-0.94,3351.7999999999997,COURSES,CARTE,petite,debit,2023,7,31,<built-in method day_name of Timestamp object at 0x7f68fe7eedd0>,1,False,4
2023-07-31,CARTE XX XX XX XX XX XX,-8.0,3350.8599999999997,AUTRE,CARTE,petite,debit,2023,7,31,<built-in method day_name of Timestamp object at 0x7f68fe7eed60>,1,False,4
2023-07-31,CARTE XX XX XX XX XX XX XX,-32.44,3342.8599999999997,AUTRE,CARTE,petite,debit,2023,7,31,<built-in method day_name of Timestamp object at 0x7f68fe7eecf0>,1,False,4
2023-07-31,DON XX XX XX XX XX XX XX,-1.44,3310.4199999999996,AUTRE,DON,petite,debit,2023,7,31,<built-in method day_name of Timestamp object at 0x7f68fe7eec80>,1,False,4
2023-07-31,XX XX VIREMENT XX XX XX,-36.0,3308.9799999999996,AUTRE,VIREMENT,petite,debit,2023,7,31,<built-in method day_name of Timestamp object at 0x7f68fe7eec10>,1,False,4
2023-07-31,CARTE XX XX XX XX XX,-9.78,3272.9799999999996,AUTRE,CARTE,petite,debit,2023,7,31,<built-in method day_name of Timestamp object at 0x7f68fe7eeba0>,1,False,4
2023-07-31,CARTE XX XX XX XX XX XX,-2.4,3263.2,AUTRE,CARTE,petite,debit,2023,7,31,<built-in method day_name of Timestamp object at 0x7f68fe7eeb30>,1,False,4
2023-07-31,CARTE XX XX XX XX XX XX,-2.4,3260.7999999999997,AUTRE,CARTE,petite,debit,2023,7,31,<built-in method day_name of Timestamp object at 0x7f68fe7eeac0>,1,False,4
2023-07-31,CARTE XX XX LA LOUVE XX XX,-23.43,3258.3999999999996,COURSES,CARTE,petite,debit,2023,7,31,<built-in method day_name of Timestamp object at 0x7f68fe7eea50>,1,False,4
2023-07-31,CARTE XX XX XX XX,-18.4,3234.9699999999993,AUTRE,CARTE,petite,debit,2023,7,31,<built-in method day_name of Timestamp object at 0x7f68fe7ee9e0>,1,False,4
2023-08-01,CARTE XX XX L'EPICERIE DEMBAS XX XX,-9.82,3216.5699999999993,AUTRE,CARTE,petite,debit,2023,8,1,<built-in method day_name of Timestamp object at 0x7f68fe7ee970>,2,False,1
2023-08-02,CARTE XX XX RAPT XX,-75.2,3206.7499999999995,TRANSPORT,CARTE,petite,debit,2023,8,2,<built-in method day_name of Timestamp object at 0x7f68fe7ee900>,3,False,1
2023-08-03,CARTE XX XX L'EPICERIE DEMBAS XX XX,-10.51,3131.5499999999993,AUTRE,CARTE,petite,debit,2023,8,3,<built-in method day_name of Timestamp object at 0x7f68fe7ee890>,4,False,1
2023-08-03,CARTE XX XX XX XX,-14.39,3121.0399999999995,AUTRE,CARTE,petite,debit,2023,8,3,<built-in method day_name of Timestamp object at 0x7f68fe7ee820>,4,False,1
2023-08-03,VIREMENT XX XX XX XX XX XX XX XX XX XX XX XX,676.0,3106.649999999999,AUTRE,VIREMENT,(pas une dépense),credit,2023,8,3,<built-in method day_name of Timestamp object at 0x7f68fe7ee7b0>,4,False,1
2023-08-03,CARTE XX XX CHEZ LUC XX,-10.2,3782.6499999999996,RESTAURANT,CARTE,petite,debit,2023,8,3,<built-in method day_name of Timestamp object at 0x7f68fe7ee740>,4,False,1
2023-08-04,CARTE XX XX XX XX XX,-17.2,3772.45,AUTRE,CARTE,petite,debit,2023,8,4,<built-in method day_name of Timestamp object at 0x7f68fe7ee6d0>,5,False,1
2023-08-06,FORFAIT COMPTE SUPERBANK XX XX XX XX,-1.92,3755.25,COTISATION BANCAIRE,AUTRE,petite,debit,2023,8,6,<built-in method day_name of Timestamp object at 0x7f68fe7ee660>,7,False,1
2023-08-07,CARTE XX XX XX XX XX XX,-2.0,3753.33,AUTRE,CARTE,petite,debit,2023,8,7,<built-in method day_name of Timestamp object at 0x7f68fe7ee5f0>,1,False,1
2023-08-07,CARTE XX XX LES ANCIENS ROBINSON XX,-21.73,3751.33,COURSES,CARTE,petite,debit,2023,8,7,<built-in method day_name of Timestamp object at 0x7f68fe7ee580>,1,False,1
2023-08-07,CARTE XX XX XX XX XX,-10.88,3729.6,AUTRE,CARTE,petite,debit,2023,8,7,<built-in method day_name of Timestamp object at 0x7f68fe7ee510>,1,False,1
2023-08-07,CARTE XX XX XX XX XX,-1.6,3718.72,AUTRE,CARTE,petite,debit,2023,8,7,<built-in method day_name of Timestamp object at 0x7f68fe7ee4a0>,1,False,1
2023-08-07,PRELEVEMENT XX TELEPHONE XX XX,-7.46,3717.12,FACTURE TELEPHONE,AUTRE,petite,debit,2023,8,7,<built-in method day_name of Timestamp object at 0x7f68fe7ee430>,1,False,1
2023-08-07,CARTE XX XX XX XX XX,-1.6,3709.66,AUTRE,CARTE,petite,debit,2023,8,7,<built-in method day_name of Timestamp object at 0x7f68fe7ee3c0>,1,False,1
2023-08-08,CARTE XX XX L'EPICERIE DEMBAS XX XX,-7.54,3708.06,AUTRE,CARTE,petite,debit,2023,8,8,<built-in method day_name of Timestamp object at 0x7f68fe7ee350>,2,False,1
2023-08-08,CARTE XX XX XX XX XX XX XX XX,-0.96,3700.52,AUTRE,CARTE,petite,debit,2023,8,8,<built-in method day_name of Timestamp object at 0x7f68fe7ee2e0>,2,False,1
2023-08-08,CARTE XX XX XX XX XX XX XX XX,-1.19,3699.56,AUTRE,CARTE,petite,debit,2023,8,8,<built-in method day_name of Timestamp object at 0x7f68fe7ee270>,2,False,1
2023-08-08,CARTE XX XX XX XX XX XX XX XX,-0.96,3698.37,AUTRE,CARTE,petite,debit,2023,8,8,<built-in method day_name of Timestamp object at 0x7f68fe7ee200>,2,False,1
2023-08-09,CARTE XX XX XX XX XX,-8.0,3697.41,AUTRE,CARTE,petite,debit,2023,8,9,<built-in method day_name of Timestamp object at 0x7f68fe7ee190>,3,False,2
2023-08-10,CARTE XX XX XX XX XX XX XX XX,-3.28,3689.41,AUTRE,CARTE,petite,debit,2023,8,10,<built-in method day_name of Timestamp object at 0x7f68fe7ee120>,4,False,2
2023-08-14,CARTE XX XX XX XX XX XX,-2.4,3686.1299999999997,AUTRE,CARTE,petite,debit,2023,8,14,<built-in method day_name of Timestamp object at 0x7f68fe7ee0b0>,1,False,2
2023-08-14,CARTE XX XX XX XX XX XX,-3.2,3683.7299999999996,AUTRE,CARTE,petite,debit,2023,8,14,<built-in method day_name of Timestamp object at 0x7f68fe7ee040>,1,False,2
2023-08-14,CARTE XX XX XX XX XX XX,-4.0,3680.5299999999997,AUTRE,CARTE,petite,debit,2023,8,14,<built-in method day_name of Timestamp object at 0x7f68fe775890>,1,False,2
2023-08-14,CARTE XX XX CHEZ LUC XX,-10.4,3676.5299999999997,RESTAURANT,CARTE,petite,debit,2023,8,14,<built-in method day_name of Timestamp object at 0x7f68fe775820>,1,False,2
2023-08-14,CARTE XX XX XX XX XX,-17.44,3666.1299999999997,AUTRE,CARTE,petite,debit,2023,8,14,<built-in method day_name of Timestamp object at 0x7f68fe7757b0>,1,False,2
2023-08-14,CARTE XX XX XX XX,-11.7,3648.6899999999996,AUTRE,CARTE,petite,debit,2023,8,14,<built-in method day_name of Timestamp object at 0x7f68fe775740>,1,False,2
2023-08-15,VIREMENT PERMANENT LOYER,-345.0,3636.99,LOYER,VIREMENT,grosse,debit,2023,8,15,<built-in method day_name of Timestamp object at 0x7f68fe7756d0>,2,False,2
2023-08-16,CARTE XX XX XX XX XX,-23.2,3291.99,AUTRE,CARTE,petite,debit,2023,8,16,<built-in method day_name of Timestamp object at 0x7f68fe775660>,3,False,2
2023-08-16,CARTE XX XX XX XX XX,-3.92,3268.7899999999995,AUTRE,CARTE,petite,debit,2023,8,16,<built-in method day_name of Timestamp object at 0x7f68fe7755f0>,3,False,2
2023-08-16,CARTE XX XX XX XX XX XX,-53.76,3264.8699999999994,AUTRE,CARTE,petite,debit,2023,8,16,<built-in method day_name of Timestamp object at 0x7f68fe775580>,3,False,2
2023-08-17,CARTE XX XX XX XX XX XX,-2.0,3211.1099999999997,AUTRE,CARTE,petite,debit,2023,8,17,<built-in method day_name of Timestamp object at 0x7f68fe775510>,4,False,3
2023-08-17,CARTE XX XX XX XX XX XX,-2.0,3209.1099999999997,AUTRE,CARTE,petite,debit,2023,8,17,<built-in method day_name of Timestamp object at 0x7f68fe7754a0>,4,False,3
2023-08-17,CARTE XX XX XX XX XX XX,-0.8,3207.1099999999997,AUTRE,CARTE,petite,debit,2023,8,17,<built-in method day_name of Timestamp object at 0x7f68fe775430>,4,False,3
2023-08-17,CARTE XX XX LES ANCIENS ROBINSON XX,-28.11,3206.3099999999995,COURSES,CARTE,petite,debit,2023,8,17,<built-in method day_name of Timestamp object at 0x7f68fe7753c0>,4,False,3
2023-08-18,CARTE XX XX XX XX XX XX,-2.4,3178.2,AUTRE,CARTE,petite,debit,2023,8,18,<built-in method day_name of Timestamp object at 0x7f68fe775350>,5,False,3
2023-08-18,CARTE XX XX XX XX,-4.79,3175.7999999999997,AUTRE,CARTE,petite,debit,2023,8,18,<built-in method day_name of Timestamp object at 0x7f68fe7752e0>,5,False,3
2023-08-21,CARTE XX XX XX XX XX,-1.68,3171.0099999999998,AUTRE,CARTE,petite,debit,2023,8,21,<built-in method day_name of Timestamp object at 0x7f68fe775270>,1,False,3
2023-08-21,CARTE XX XX CHEZ LUC XX,-12.84,3169.3299999999995,RESTAURANT,CARTE,petite,debit,2023,8,21,<built-in method day_name of Timestamp object at 0x7f68fe775200>,1,False,3
2023-08-21,CARTE XX XX XX XX XX,-7.12,3156.49,AUTRE,CARTE,petite,debit,2023,8,21,<built-in method day_name of Timestamp object at 0x7f68fe775190>,1,False,3
2023-08-21,CARTE XX XX XX XX XX,-10.23,3149.37,AUTRE,CARTE,petite,debit,2023,8,21,<built-in method day_name of Timestamp object at 0x7f68fe775120>,1,False,3
2023-08-22,CARTE XX XX XX XX XX,-3.78,3139.14,AUTRE,CARTE,petite,debit,2023,8,22,<built-in method day_name of Timestamp object at 0x7f68fe7750b0>,2,False,3
2023-08-22,CARTE XX XX XX XX XX,-0.8,3135.3599999999997,AUTRE,CARTE,petite,debit,2023,8,22,<built-in method day_name of Timestamp object at 0x7f68fe775040>,2,False,3
2023-08-22,CARTE XX XX LES ANCIENS ROBINSON XX,-10.91,3134.56,COURSES,CARTE,petite,debit,2023,8,22,<built-in method day_name of Timestamp object at 0x7f68fe775900>,2,False,3
2023-08-24,CARTE XX XX L'EPICERIE DEMBAS XX XX,-11.97,3123.6499999999996,AUTRE,CARTE,petite,debit,2023,8,24,<built-in method day_name of Timestamp object at 0x7f68fe775970>,4,False,3
2023-08-25,CARTE XX XX VELOC XX XX,-5.0,3111.68,TRANSPORT,CARTE,petite,debit,2023,8,25,<built-in method day_name of Timestamp object at 0x7f68fe7759e0>,5,False,4
2023-08-25,CARTE XX XX XX XX,-2.01,3106.68,AUTRE,CARTE,petite,debit,2023,8,25,<built-in method day_name of Timestamp object at 0x7f68fe775a50>,5,False,4
2023-08-25,CARTE XX XX XX XX XX,-6.4,3104.6699999999996,AUTRE,CARTE,petite,debit,2023,8,25,<built-in method day_name of Timestamp object at 0x7f68fe775ac0>,5,False,4
2023-08-28,CARTE XX XX XX XX XX,-9.8,3098.2699999999995,AUTRE,CARTE,petite,debit,2023,8,28,<built-in method day_name of Timestamp object at 0x7f68fe775b30>,1,False,4
2023-08-28,CARTE XX XX LA LOUVE XX XX,-29.18,3088.47,COURSES,CARTE,petite,debit,2023,8,28,<built-in method day_name of Timestamp object at 0x7f68fe775ba0>,1,False,4
2023-08-28,RETRAIT XX XX XX,-32.0,3059.2899999999995,AUTRE,RETRAIT,petite,debit,2023,8,28,<built-in method day_name of Timestamp object at 0x7f68fe775c10>,1,False,4
2023-08-28,CARTE XX XX XX XX XX XX,-43.6,3027.2899999999995,AUTRE,CARTE,petite,debit,2023,8,28,<built-in method day_name of Timestamp object at 0x7f68fe775c80>,1,False,4
2023-08-28,CARTE XX XX XX XX XX,-12.0,2983.6899999999996,AUTRE,CARTE,petite,debit,2023,8,28,<built-in method day_name of Timestamp object at 0x7f68fe775cf0>,1,False,4
2023-08-29,CARTE XX XX XX XX,-2.45,2971.6899999999996,AUTRE,CARTE,petite,debit,2023,8,29,<built-in method day_name of Timestamp object at 0x7f68fe775d60>,2,False,4
2023-08-31,CARTE XX XX XX XX XX,-2.44,2969.24,AUTRE,CARTE,petite,debit,2023,8,31,<built-in method day_name of Timestamp object at 0x7f68fe775dd0>,4,False,4
2023-08-31,DON XX XX XX XX XX XX XX,-2.28,2966.7999999999997,AUTRE,DON,petite,debit,2023,8,31,<built-in method day_name of Timestamp object at 0x7f68fe775e40>,4,False,4
2023-08-31,CARTE XX XX LA LOUVE XX XX,-26.19,2964.5199999999995,COURSES,CARTE,petite,debit,2023,8,31,<built-in method day_name of Timestamp object at 0x7f68fe775eb0>,4,False,4
2023-08-31,XX XX VIREMENT XX XX XX,-36.0,2938.3299999999995,AUTRE,VIREMENT,petite,debit,2023,8,31,<built-in method day_name of Timestamp object at 0x7f68fe775f20>,4,False,4
2023-09-04,CARTE XX XX XX XX,-3.6,2902.3299999999995,AUTRE,CARTE,petite,debit,2023,9,4,<built-in method day_name of Timestamp object at 0x7f68fe775f90>,1,False,1
2023-09-04,CARTE XX XX XX XX,-14.39,2898.7299999999996,AUTRE,CARTE,petite,debit,2023,9,4,<built-in method day_name of Timestamp object at 0x7f68fe774f90>,1,False,1
2023-09-04,CARTE XX XX CHEZ LUC XX,-10.4,2884.3399999999997,RESTAURANT,CARTE,petite,debit,2023,9,4,<built-in method day_name of Timestamp object at 0x7f68fe774f20>,1,False,1
2023-09-04,CARTE XX XX RAPT XX,-75.2,2873.9399999999996,TRANSPORT,CARTE,petite,debit,2023,9,4,<built-in method day_name of Timestamp object at 0x7f68fe774eb0>,1,False,1
2023-09-04,VIREMENT XX XX XX XX XX XX XX XX XX XX XX XX,676.0,2798.7399999999993,AUTRE,VIREMENT,(pas une dépense),credit,2023,9,4,<built-in method day_name of Timestamp object at 0x7f68fe774e40>,1,False,1
2023-09-04,CARTE XX XX TOUPTIPRI XX,-13.59,3474.7399999999993,COURSES,CARTE,petite,debit,2023,9,4,<built-in method day_name of Timestamp object at 0x7f68fe774dd0>,1,False,1
2023-09-05,CARTE XX XX XX XX XX,-0.8,3461.1499999999996,AUTRE,CARTE,petite,debit,2023,9,5,<built-in method day_name of Timestamp object at 0x7f68fe774d60>,2,False,1
2023-09-05,CARTE XX XX XX XX XX,-6.39,3460.3499999999995,AUTRE,CARTE,petite,debit,2023,9,5,<built-in method day_name of Timestamp object at 0x7f68fe774cf0>,2,False,1
2023-09-05,PRELEVEMENT XX TELEPHONE XX XX,-6.38,3453.9599999999996,FACTURE TELEPHONE,AUTRE,petite,debit,2023,9,5,<built-in method day_name of Timestamp object at 0x7f68fe774c80>,2,False,1
2023-09-06,CARTE XX XX L'EPICERIE DEMBAS XX XX,-11.12,3447.5799999999995,AUTRE,CARTE,petite,debit,2023,9,6,<built-in method day_name of Timestamp object at 0x7f68fe774c10>,3,False,1
2023-09-06,FORFAIT COMPTE SUPERBANK XX XX XX XX,-1.92,3436.4599999999996,COTISATION BANCAIRE,AUTRE,petite,debit,2023,9,6,<built-in method day_name of Timestamp object at 0x7f68fe774ba0>,3,False,1
2023-09-07,CARTE XX XX XX XX,-11.2,3434.5399999999995,AUTRE,CARTE,petite,debit,2023,9,7,<built-in method day_name of Timestamp object at 0x7f68fe774b30>,4,False,1
2023-09-08,CARTE XX XX XX XX XX,-0.8,3423.3399999999992,AUTRE,CARTE,petite,debit,2023,9,8,<built-in method day_name of Timestamp object at 0x7f68fe774ac0>,5,False,1
2023-09-08,CARTE XX XX L'EPICERIE DEMBAS XX XX,-5.57,3422.5399999999995,AUTRE,CARTE,petite,debit,2023,9,8,<built-in method day_name of Timestamp object at 0x7f68fe774a50>,5,False,1
2023-09-08,CARTE XX XX XX XX XX XX,-4.0,3416.9699999999993,AUTRE,CARTE,petite,debit,2023,9,8,<built-in method day_name of Timestamp object at 0x7f68fe7749e0>,5,False,1
2023-09-11,CARTE XX XX XX XX,-9.6,3412.9699999999993,AUTRE,CARTE,petite,debit,2023,9,11,<built-in method day_name of Timestamp object at 0x7f68fe774970>,1,False,2
2023-09-11,CARTE XX XX XX XX XX XX,-1.44,3403.3699999999994,AUTRE,CARTE,petite,debit,2023,9,11,<built-in method day_name of Timestamp object at 0x7f68fe774900>,1,False,2
2023-09-11,CARTE XX XX XX XX XX XX,-1.44,3401.9299999999994,AUTRE,CARTE,petite,debit,2023,9,11,<built-in method day_name of Timestamp object at 0x7f68fe774890>,1,False,2
2023-09-11,CARTE XX XX TOUPTIPRI XX,-9.6,3400.4899999999993,COURSES,CARTE,petite,debit,2023,9,11,<built-in method day_name of Timestamp object at 0x7f68fe774820>,1,False,2
2023-09-11,CARTE XX XX XX XX,-12.0,3390.8899999999994,AUTRE,CARTE,petite,debit,2023,9,11,<built-in method day_name of Timestamp object at 0x7f68fe7747b0>,1,False,2
2023-09-12,CARTE XX XX L'EPICERIE DEMBAS XX XX,-19.61,3378.8899999999994,AUTRE,CARTE,petite,debit,2023,9,12,<built-in method day_name of Timestamp object at 0x7f68fe774740>,2,False,2
2023-09-12,CARTE XX XX XX XX XX,-4.0,3359.2799999999997,AUTRE,CARTE,petite,debit,2023,9,12,<built-in method day_name of Timestamp object at 0x7f68fe7746d0>,2,False,2
2023-09-12,CARTE XX XX LA CCNCF XX XX,-11.25,3355.2799999999997,TRANSPORT,CARTE,petite,debit,2023,9,12,<built-in method day_name of Timestamp object at 0x7f68fe774660>,2,False,2
2023-09-14,CARTE XX XX LA CCNCF XX,-47.61,3344.0299999999997,TRANSPORT,CARTE,petite,debit,2023,9,14,<built-in method day_name of Timestamp object at 0x7f68fe7745f0>,4,False,2
2023-09-15,VIREMENT XX XX XX XX XX XX XX XX XX,39.82,3296.4199999999996,AUTRE,VIREMENT,(pas une dépense),credit,2023,9,15,<built-in method day_name of Timestamp object at 0x7f68fe774580>,5,False,2
2023-09-15,VIREMENT PERMANENT LOYER,-345.0,3336.24,LOYER,VIREMENT,grosse,debit,2023,9,15,<built-in method day_name of Timestamp object at 0x7f68fe774510>,5,False,2
2023-09-18,CARTE XX XX XX XX,-1.6,2991.24,AUTRE,CARTE,petite,debit,2023,9,18,<built-in method day_name of Timestamp object at 0x7f68fe7744a0>,1,False,3
2023-09-18,CARTE XX XX LA LOUVE XX XX,-20.59,2989.64,COURSES,CARTE,petite,debit,2023,9,18,<built-in method day_name of Timestamp object at 0x7f68fe774430>,1,False,3
2023-09-18,CARTE XX XX XX XX XX,-5.2,2969.0499999999997,AUTRE,CARTE,petite,debit,2023,9,18,<built-in method day_name of Timestamp object at 0x7f68fe7743c0>,1,False,3
2023-09-18,CARTE XX XX XX XX XX,-0.96,2963.85,AUTRE,CARTE,petite,debit,2023,9,18,<built-in method day_name of Timestamp object at 0x7f68fe774350>,1,False,3
2023-09-20,CARTE XX XX XX XX XX XX,-2.56,2962.89,AUTRE,CARTE,petite,debit,2023,9,20,<built-in method day_name of Timestamp object at 0x7f68fe7742e0>,3,False,3
2023-09-20,CARTE XX XX XX XX XX,-8.6,2960.33,AUTRE,CARTE,petite,debit,2023,9,20,<built-in method day_name of Timestamp object at 0x7f68fe774270>,3,False,3
2023-09-20,CARTE XX XX XX XX,-30.37,2951.73,AUTRE,CARTE,petite,debit,2023,9,20,<built-in method day_name of Timestamp object at 0x7f68fe774200>,3,False,3
2023-09-20,CARTE XX XX TOUPTIPRI XX,-2.56,2921.36,COURSES,CARTE,petite,debit,2023,9,20,<built-in method day_name of Timestamp object at 0x7f68fe774190>,3,False,3
2023-09-21,CARTE XX XX XX XX XX,-10.45,2918.8,AUTRE,CARTE,petite,debit,2023,9,21,<built-in method day_name of Timestamp object at 0x7f68fe774120>,4,False,3
2023-09-22,CARTE XX XX XX XX XX,-5.6,2908.35,AUTRE,CARTE,petite,debit,2023,9,22,<built-in method day_name of Timestamp object at 0x7f68fe7740b0>,5,False,3
2023-09-22,CARTE XX XX XX XX,-4.0,2902.75,AUTRE,CARTE,petite,debit,2023,9,22,<built-in method day_name of Timestamp object at 0x7f68fe774040>,5,False,3
2023-09-25,CARTE XX XX CHEZ LUC XX,-8.52,2898.75,RESTAURANT,CARTE,petite,debit,2023,9,25,<built-in method day_name of Timestamp object at 0x7f68fe777040>,1,False,4
2023-09-25,PRELEVEMENT XX XX XX XX XX XX XX XX,-593.6,2890.23,AUTRE,AUTRE,grosse,debit,2023,9,25,<built-in method day_name of Timestamp object at 0x7f68fe7770b0>,1,False,4
2023-09-25,CARTE XX XX XX XX XX XX,-7.12,2296.63,AUTRE,CARTE,petite,debit,2023,9,25,<built-in method day_name of Timestamp object at 0x7f68fe777120>,1,False,4
2023-09-25,CARTE XX XX XX XX,-40.0,2289.51,AUTRE,CARTE,petite,debit,2023,9,25,<built-in method day_name of Timestamp object at 0x7f68fe777190>,1,False,4
2023-09-25,CARTE XX XX XX XX XX,-9.31,2249.51,AUTRE,CARTE,petite,debit,2023,9,25,<built-in method day_name of Timestamp object at 0x7f68fe777200>,1,False,4
2023-09-25,CARTE XX XX XX XX XX XX,-12.0,2240.2000000000003,AUTRE,CARTE,petite,debit,2023,9,25,<built-in method day_name of Timestamp object at 0x7f68fe777270>,1,False,4
2023-09-25,CARTE XX XX XX XX XX,-23.33,2228.2000000000003,AUTRE,CARTE,petite,debit,2023,9,25,<built-in method day_name of Timestamp object at 0x7f68fe7772e0>,1,False,4
2023-09-26,CARTE XX XX XX XX XX,-1.2,2204.87,AUTRE,CARTE,petite,debit,2023,9,26,<built-in method day_name of Timestamp object at 0x7f68fe777350>,2,False,4
2023-09-26,RETRAIT XX XX XX,-320.0,2203.67,AUTRE,RETRAIT,grosse,debit,2023,9,26,<built-in method day_name of Timestamp object at 0x7f68fe7773c0>,2,False,4
2023-09-26,CARTE XX XX TOUPTIPRI XX,-10.36,1883.67,COURSES,CARTE,petite,debit,2023,9,26,<built-in method day_name of Timestamp object at 0x7f68fe777430>,2,False,4
2023-09-26,CARTE XX XX TOUPTIPRI XX,-2.93,1873.31,COURSES,CARTE,petite,debit,2023,9,26,<built-in method day_name of Timestamp object at 0x7f68fe7774a0>,2,False,4
2023-09-29,DON XX XX XX XX XX XX XX,-1.76,1870.38,AUTRE,DON,petite,debit,2023,9,29,<built-in method day_name of Timestamp object at 0x7f68fe777510>,5,False,4
2023-09-30,XX XX VIREMENT XX XX XX,-36.0,1868.6200000000001,AUTRE,VIREMENT,petite,debit,2023,9,30,<built-in method day_name of Timestamp object at 0x7f68fe777580>,6,False,4
2023-10-02,VIREMENT XX XX XX XX XX XX XX XX XX XX XX XX,676.0,1832.6200000000001,AUTRE,VIREMENT,(pas une dépense),credit,2023,10,2,<built-in method day_name of Timestamp object at 0x7f68fe7775f0>,1,False,1
2023-10-03,CARTE XX XX LA CCNCF XX,-67.68,2508.62,TRANSPORT,CARTE,petite,debit,2023,10,3,<built-in method day_name of Timestamp object at 0x7f68fe777660>,2,False,1
2023-10-05,CARTE XX XX XX XX,-4.8,2440.94,AUTRE,CARTE,petite,debit,2023,10,5,<built-in method day_name of Timestamp object at 0x7f68fe7776d0>,4,False,1
2023-10-05,CARTE XX XX XX XX XX XX,-10.64,2436.14,AUTRE,CARTE,petite,debit,2023,10,5,<built-in method day_name of Timestamp object at 0x7f68fe777740>,4,False,1
2023-10-06,PRELEVEMENT XX TELEPHONE XX XX,-13.58,2425.5,FACTURE TELEPHONE,AUTRE,petite,debit,2023,10,6,<built-in method day_name of Timestamp object at 0x7f68fe7777b0>,5,False,1
2023-10-06,CARTE XX XX CHEZ LUC XX,-10.0,2411.92,RESTAURANT,CARTE,petite,debit,2023,10,6,<built-in method day_name of Timestamp object at 0x7f68fe777820>,5,False,1
2023-10-06,FORFAIT COMPTE SUPERBANK XX XX XX XX,-1.92,2401.92,COTISATION BANCAIRE,AUTRE,petite,debit,2023,10,6,<built-in method day_name of Timestamp object at 0x7f68fe777890>,5,False,1
